shapeID,name,sol,pop,area_km2,parent,sol_0,growth,abs_change,growth_2dates,period_growth,trend_growth,trend_lo,trend_hi,trend_p,trend_n,z_robust,eligible,z_signal,flag
11933810B37215570160824,القصور,419.027,15159.7,457.405,El Kef,296.077,0.0433513,122.95,0.0393448,0.0433513,0.0397104,0.0268558,0.0612976,0.000946318,10,-0.556671,True,-0.556671,within normal range · dans la plage normale
11933810B66585629816917,المزونة,917.431,25962.8,1131.71,Sidi Bouzid,223.682,0.20873,693.749,0.169781,0.20873,0.19824,0.159915,0.257628,0.00011519,10,2.71148,False,,low initial base · base initiale trop faible
11933810B82124432646139,العروسة,361.121,21934.3,359.139,Siliana,122.699,0.176121,238.422,0.127431,0.176121,0.104593,0.0194114,0.23646,0.0166661,10,2.06708,False,,low initial base · base initiale trop faible
11933810B80183977842330,ماطر,1975,51928.5,562.76,Bizerte,986.367,0.0928218,988.637,0.0801978,0.0928218,0.083584,0.0708574,0.0948795,0.00011519,10,0.420948,True,0.420948,within normal range · dans la plage normale
11933810B43888701821775,الجم,2866.07,51930.6,284.331,Mahdia,1608.83,0.0729521,1257.25,0.0662628,0.0729521,0.0654893,0.0497856,0.0816648,0.00011519,10,0.0282901,True,0.0282901,within normal range · dans la plage normale
11933810B93906060339366,القصر,1991.49,51616.1,280.483,Gafsa,1067.96,0.084044,923.523,0.0716896,0.084044,0.0688334,0.0551744,0.0819558,2.97619e-05,10,0.247485,True,0.247485,within normal range · dans la plage normale
11933810B57127812574337,صفاقس الجنوبية,8154.1,123573,195.3,Sfax,5032.79,0.0594212,3121.31,0.0550796,0.0594212,0.0549632,0.0496152,0.0652098,2.97619e-05,10,-0.239104,True,-0.239104,within normal range · dans la plage normale
11933810B10905453653895,غزالة,532.551,26412.4,405.915,Bizerte,140.261,0.204898,392.29,0.159793,0.204898,0.156491,0.0735839,0.226181,0.00011519,10,2.63576,False,,low initial base · base initiale trop faible
11933810B38600373367169,سيدي عيش,569.955,11735.4,442.084,Gafsa,134.606,0.19298,435.349,0.173929,0.19298,0.209809,0.166955,0.232475,5.51146e-06,10,2.40024,False,,low initial base · base initiale trop faible
11933810B46466927285708,الشبيكة,2331.49,40497.3,509.984,Kairouan,964.115,0.0909487,1367.37,0.103092,0.0909487,0.102238,0.0624652,0.140339,0.00011519,10,0.383932,True,0.383932,within normal range · dans la plage normale
11933810B49203985770178,تطاوين الشمالية,4127.95,37992.5,2827.8,Tataouine,2742.35,0.0565516,1385.61,0.0464892,0.0565516,0.0407585,0.0239617,0.0667961,0.000357694,10,-0.295811,True,-0.295811,within normal range · dans la plage normale
11933810B42878076535883,رمادة,4272.44,10563.5,27497,Tataouine,3799.67,-0.0023161,472.769,0.0131153,-0.0023161,-0.00800951,-0.0540762,0.0331377,0.38072,10,-1.45913,True,-1.45913,within normal range · dans la plage normale
11933810B83498935151337,الصمار,710.651,15586.8,1985.26,Tataouine,164.992,0.19847,545.659,0.176159,0.19847,0.156595,0.0987614,0.241975,5.51146e-06,10,2.50872,False,,low initial base · base initiale trop faible
11933810B11827339972029,سليمان,5181.13,59889.2,141.712,Nabeul,3461.01,0.0367893,1720.11,0.045849,0.0367893,0.0404754,0.0282932,0.0503594,5.51146e-06,10,-0.686347,True,-0.686347,within normal range · dans la plage normale
11933810B93669853270617,أولاد حفوز,933.156,21295.8,420.716,Sidi Bouzid,366.674,0.136595,566.482,0.109366,0.136595,0.144514,0.118549,0.163606,5.51146e-06,10,1.28599,True,1.28599,within normal range · dans la plage normale
11933810B54153099076840,الرديف,1370.42,24465,401.76,Gafsa,489.995,0.102391,880.427,0.121061,0.102391,0.0926344,0.0573194,0.133448,0.000357694,10,0.610045,True,0.610045,within normal range · dans la plage normale
11933810B17149479798456,الناظور,1405.88,34646.5,354.862,Zaghouan,454.36,0.145844,951.522,0.133719,0.145844,0.112315,0.0517321,0.157431,0.000357694,10,1.46875,True,1.46875,within normal range · dans la plage normale
11933810B3957312331643,زرمدين,2325.21,33712.8,250.927,Monastir,1025.67,0.108987,1299.53,0.0952031,0.108987,0.0909268,0.0743885,0.108987,5.51146e-07,10,0.740408,True,0.740408,within normal range · dans la plage normale
11933810B51337682918507,القيروان الجنوبية,5453.29,62619.9,519.035,Kairouan,2807.53,0.0634414,2645.75,0.076557,0.0634414,0.0633563,0.0331987,0.093733,5.51146e-06,10,-0.159657,True,-0.159657,within normal range · dans la plage normale
11933810B93089307586019,قابس الغربية,3260.14,35899.1,152.975,Gabès,1553.63,0.0725307,1706.51,0.0858389,0.0725307,0.0725307,0.0462433,0.098131,0.00011519,10,0.0199619,True,0.0199619,within normal range · dans la plage normale
11933810B87788045325558,أوتيك,1882.11,20868.3,371.509,Bizerte,682.847,0.135165,1199.27,0.119244,0.135165,0.102242,0.0609312,0.133034,5.51146e-06,10,1.25771,True,1.25771,within normal range · dans la plage normale
11933810B95745204086870,سيدي مخلوف,1186.17,27335.5,656.72,Médenine,485.422,0.111828,700.749,0.104369,0.111828,0.0971931,0.0622397,0.124011,0.000946318,10,0.796552,True,0.796552,within normal range · dans la plage normale
11933810B61155262377860,مارث,2536.71,64717.8,996.159,Gabès,1173.42,0.0795406,1363.29,0.0894365,0.0795406,0.0790771,0.0546808,0.115142,2.97619e-05,10,0.15849,True,0.15849,within normal range · dans la plage normale
11933810B61814585339016,تالة,1468.67,37815.4,713.438,Kasserine,753.503,0.0982824,715.164,0.0769716,0.0982824,0.0827491,0.0602283,0.108479,5.51146e-06,10,0.528858,True,0.528858,within normal range · dans la plage normale
11933810B10637834163678,بنزرت الجنوبية,2139.12,66154.4,402.431,Bizerte,1446.85,0.0485401,692.271,0.0444028,0.0485401,0.0352129,0.0123954,0.0610037,0.0166661,10,-0.454133,True,-0.454133,within normal range · dans la plage normale
11933810B59009288682307,الكاف الشرقية,2489.16,40481.6,391.862,El Kef,1251.17,0.0923474,1237.99,0.0794258,0.0923474,0.0753999,0.0575853,0.0928109,2.97619e-05,10,0.411573,True,0.411573,within normal range · dans la plage normale
11933810B77828978418448,جبنيانة,2183.16,52655.2,252.195,Sfax,999.857,0.106399,1183.31,0.0906444,0.106399,0.0941896,0.0728983,0.127277,0.00011519,10,0.689258,True,0.689258,within normal range · dans la plage normale
11933810B2147309578114,مطماطة الجديدة,853.945,12911.5,750.616,Gabès,511.78,0.0606967,342.165,0.0585349,0.0606967,0.0585349,0.0382507,0.0753957,0.000357694,10,-0.213897,True,-0.213897,within normal range · dans la plage normale
11933810B84977870340871,عين دراهم,763.744,33054.6,486.902,Jendouba,416.095,0.0743858,347.649,0.0698088,0.0743858,0.0542819,0.034063,0.0952978,0.00011519,10,0.0566232,True,0.0566232,within normal range · dans la plage normale
11933810B24565531401721,السند,1371.51,39102.5,764.905,Gafsa,608.07,0.123217,763.442,0.0945852,0.123217,0.129038,0.10277,0.164187,2.97619e-05,10,1.02161,True,1.02161,within normal range · dans la plage normale
11933810B45442684753250,التحرير,638.253,18854.2,1.59022,Tunis,662.658,-0.0101216,-24.405,-0.00416069,-0.0101216,-0.00651004,-0.0158557,0.00281404,0.208668,10,-1.61338,True,-1.61338,within normal range · dans la plage normale
11933810B21943551709100,جلمة,2527.21,43213.5,666.65,Sidi Bouzid,1052.16,0.118782,1475.05,0.102261,0.118782,0.102261,0.0835255,0.118782,5.51146e-07,10,0.933969,True,0.933969,within normal range · dans la plage normale
11933810B27074780106305,الزهور,599.291,701.003,1.98858,Tunis,493.566,0.0291003,105.725,0.0217999,0.0291003,0.0226614,-0.00702958,0.0554473,0.108313,10,-0.838295,True,-0.838295,within normal range · dans la plage normale
11933810B6714146070039,حيدرة,839.556,11223.3,495.039,Kasserine,469.942,0.0772937,369.614,0.0665977,0.0772937,0.067082,0.0434026,0.0938992,0.00011519,10,0.114086,True,0.114086,within normal range · dans la plage normale
11933810B18230049002493,المدينة,505.462,11506.1,1.19309,Tunis,496.778,0,8.68394,0.00192736,0,0,0,0,0.117185,10,-1.41336,True,-1.41336,within normal range · dans la plage normale
11933810B70158392681362,النفيضة,4711.14,57503.6,381.178,Sousse,3161.11,0.0492928,1550.03,0.0453315,0.0492928,0.0469342,0.0409677,0.063706,5.51146e-06,10,-0.439257,True,-0.439257,within normal range · dans la plage normale
11933810B78138707020335,باب سويقة,842.437,26202.5,1.98828,Tunis,775.259,0.00457321,67.1777,0.00927625,0.00457321,0.00457321,0,0.00980275,0.00227864,10,-1.32299,True,-1.32299,within normal range · dans la plage normale
11933810B79340019170790,بنزرت الشمالية,2851.72,88404.8,54.0982,Bizerte,2662.97,-0.000506651,188.75,0.00763795,-0.000506651,-0.00211025,-0.0158833,0.0128363,0.72749,10,-1.42338,True,-1.42338,within normal range · dans la plage normale
11933810B49530197885075,الزريبة,2258.04,22604.7,347.2,Zaghouan,1136.52,0.0770388,1121.52,0.0792658,0.0770388,0.0791074,0.0627011,0.111282,0.00011519,10,0.10905,True,0.10905,within normal range · dans la plage normale
11933810B5079624698745,مدنين االجنوبية,3251.85,66124.3,730.365,Médenine,1346.34,0.108881,1905.51,0.102942,0.108881,0.103092,0.0803803,0.127918,5.51146e-06,10,0.738296,True,0.738296,within normal range · dans la plage normale
11933810B55082969984596,السواسي,2398.51,48420.1,345.353,Mahdia,1177.39,0.106534,1221.12,0.0822702,0.106534,0.0958079,0.0612423,0.125584,5.51146e-06,10,0.691923,True,0.691923,within normal range · dans la plage normale
11933810B3203162636288,فوشانة,5238.78,73709.1,39.4242,Ben Arous,3176.34,0.0631688,2062.44,0.05717,0.0631688,0.05717,0.0485513,0.0679468,5.51146e-06,10,-0.165044,True,-0.165044,within normal range · dans la plage normale
11933810B75310279086219,مجاز الباب,2360.41,46956.9,461.13,Béja,1397.94,0.0738762,962.468,0.0599309,0.0738762,0.0654425,0.049579,0.0849892,2.97619e-05,10,0.0465514,True,0.0465514,within normal range · dans la plage normale
11933810B2824472069390,مرناق,6328.65,60918.8,397.173,Ben Arous,3292.55,0.0928213,3036.1,0.0753033,0.0928213,0.0870368,0.0753033,0.0924075,5.51146e-07,10,0.420938,True,0.420938,within normal range · dans la plage normale
11933810B89916598335200,المرسى,5687.23,101337,30.1864,Tunis,4478.72,0.00879861,1208.51,0.0268982,0.00879861,0.00963075,-0.0102293,0.0328952,0.38072,10,-1.23949,True,-1.23949,within normal range · dans la plage normale
11933810B30611491582390,المطوية,1828.36,28824.3,409.634,Gabès,881.44,0.101101,946.923,0.0844456,0.101101,0.0914855,0.0518043,0.121907,2.97619e-05,10,0.584568,True,0.584568,within normal range · dans la plage normale
11933810B38388231155929,المضيلة,1072.1,16758.3,643.037,Gafsa,662.824,0.0711094,409.275,0.0548825,0.0711094,0.0682027,0.0200953,0.10059,0.00221285,10,-0.00812529,True,-0.00812529,within normal range · dans la plage normale
11933810B11969920480260,القطار,1524.38,20393.7,928.187,Gafsa,650.466,0.0940213,873.916,0.0992502,0.0940213,0.085585,0.0321283,0.128971,0.00914848,10,0.444651,True,0.444651,within normal range · dans la plage normale
11933810B88432623246130,قبلي الشمالية,4911.67,58418.6,1818.68,Kébili,2244.06,0.0785155,2667.61,0.0909363,0.0785155,0.0706029,0.0516681,0.0973591,5.51146e-07,10,0.138232,True,0.138232,within normal range · dans la plage normale
11933810B29604582719412,باجة الجنوبية,2275.7,33870.1,363.628,Béja,1328.31,0.0488863,947.394,0.0616457,0.0488863,0.0488863,0.0348432,0.066915,0.00011519,10,-0.447291,True,-0.447291,within normal range · dans la plage normale
11933810B6535547360334,القصرين الشمالية,3480.09,71379.6,97.3917,Kasserine,2524.61,0.0412962,955.479,0.0363071,0.0412962,0.0359615,0.0170222,0.0459725,0.00221285,10,-0.597284,True,-0.597284,within normal range · dans la plage normale
11933810B95103152566623,باردو,2303.12,97911,7.55495,Tunis,2057.86,0.00550328,245.261,0.0125895,0.00550328,0.00143078,-0.00981616,0.0161108,0.72749,10,-1.30461,True,-1.30461,within normal range · dans la plage normale
11933810B5544515796376,الميدة,1372.09,28742.8,151.675,Nabeul,734.089,0.0971929,638.004,0.0719676,0.0971929,0.0829255,0.044147,0.113936,0.00011519,10,0.507329,True,0.507329,within normal range · dans la plage normale
11933810B20435458440644,حفوز,1206.1,36179.4,608.632,Kairouan,463.381,0.0982726,742.714,0.112142,0.0982726,0.0973984,0.0670352,0.124463,5.51146e-06,10,0.528665,True,0.528665,within normal range · dans la plage normale
11933810B76458029989338,شربان,739.986,22454.5,444.083,Mahdia,402.765,0.0828428,337.221,0.0699227,0.0828428,0.0753381,0.0390254,0.0959432,0.00221285,10,0.223746,True,0.223746,within normal range · dans la plage normale
11933810B30403367882459,مكثر,1211.99,27453.9,340.737,Siliana,699.445,0.0816989,512.543,0.0629851,0.0816989,0.0622295,0.0245721,0.100071,0.00914848,10,0.201141,True,0.201141,within normal range · dans la plage normale
11933810B81248278761241,بن عروس,2150.59,49949.6,6.765,Ben Arous,1366.8,0.0443482,783.784,0.0516527,0.0443482,0.0442293,0.00921,0.0739208,0.0166661,10,-0.53697,True,-0.53697,within normal range · dans la plage normale
11933810B81805450499121,سبيبة,1334.36,40092,445.361,Kasserine,1101.02,0.0278402,233.343,0.0215872,0.0278402,0.0247941,0.00449331,0.0420104,0.0286095,10,-0.863197,True,-0.863197,within normal range · dans la plage normale
11933810B37574036497971,المكناسي,1430.44,25875.3,621.991,Sidi Bouzid,516.553,0.0994081,913.89,0.119826,0.0994081,0.0994752,0.0726067,0.13258,5.51146e-06,10,0.551105,True,0.551105,within normal range · dans la plage normale
11933810B72846800304376,غار الدماء,1612.65,60439.9,504.684,Jendouba,1148.46,0.0458664,464.186,0.0384375,0.0458664,0.033977,0.0158208,0.0458664,0.00011519,10,-0.506969,True,-0.506969,within normal range · dans la plage normale
11933810B91924190982808,سبالة أوالد عسكر,1140.06,20706.1,293.117,Sidi Bouzid,391.36,0.165027,748.7,0.126146,0.165027,0.141786,0.107153,0.17357,0.00011519,10,1.84784,True,1.84784,within normal range · dans la plage normale
11933810B4781158018226,بورويس,305.94,11227.8,273.984,Siliana,247.961,0.0338842,57.9788,0.023621,0.0338842,0.0415676,0.0074528,0.0598842,0.0286095,10,-0.743756,False,,low initial base · base initiale trop faible
11933810B50994391352057,قفصة الشمالية,691.192,9657.34,532.186,Gafsa,148.411,0.209591,542.78,0.186416,0.209591,0.179744,0.141598,0.203553,5.51146e-06,10,2.72851,False,,low initial base · base initiale trop faible
11933810B36279508615628,مدنين الشمالية,2520.72,50752.3,332.235,Médenine,1191.06,0.0892058,1329.65,0.0868676,0.0892058,0.0891119,0.0511269,0.127615,0.00011519,10,0.34949,True,0.34949,within normal range · dans la plage normale
11933810B83603965964672,الوسلاتية,946.582,34384.3,910.448,Kairouan,534.225,0.0732744,412.357,0.0656235,0.0732744,0.0668199,0.0441529,0.0897145,0.000946318,10,0.0346595,True,0.0346595,within normal range · dans la plage normale
11933810B8202711908587,بني حسان,1378.85,14491.5,85.892,Monastir,597.853,0.110046,780.997,0.0972984,0.110046,0.0531112,0.0318225,0.122281,5.51146e-06,10,0.761332,True,0.761332,within normal range · dans la plage normale
11933810B14631424416912,القصرين الجنوبية,2272.91,27569.7,860.363,Kasserine,941.691,0.118717,1331.22,0.102857,0.118717,0.103106,0.0772482,0.121113,5.51146e-07,10,0.93268,True,0.93268,within normal range · dans la plage normale
11933810B87757841010951,فوسانة,1742.93,39943.3,911.416,Kasserine,941.294,0.0895716,801.639,0.0708493,0.0895716,0.0779504,0.0608301,0.0944772,2.97619e-05,10,0.356718,True,0.356718,within normal range · dans la plage normale
11933810B6690726234201,منزل بورقيبة,2138.94,56987,127.738,Bizerte,1224.89,0.0719317,914.049,0.0638983,0.0719317,0.0738196,0.0286626,0.103898,0.000946318,10,0.00812529,True,0.00812529,within normal range · dans la plage normale
11933810B33888578945237,قصور الساف,2821.42,56637,220.519,Mahdia,1361.78,0.0882457,1459.65,0.0843047,0.0882457,0.0819501,0.0778516,0.0894311,5.51146e-07,10,0.330518,True,0.330518,within normal range · dans la plage normale
11933810B16609511598620,قربة,4404.12,73579,206.684,Nabeul,2882.34,0.0500372,1521.78,0.0482314,0.0500372,0.0482314,0.0203117,0.0715752,0.00468695,10,-0.424547,True,-0.424547,within normal range · dans la plage normale
11933810B43224810674441,عمدون,485.851,21483,241.219,Béja,207.539,0.120384,278.313,0.0991196,0.120384,0.0975189,0.0691054,0.118721,2.97619e-05,10,0.965626,False,,low initial base · base initiale trop faible
11933810B58495148677727,المهدية,4877.32,77981,164.988,Mahdia,3272.16,0.0586777,1605.16,0.0453476,0.0586777,0.0466333,0.0320452,0.0607444,0.000357694,10,-0.253796,True,-0.253796,within normal range · dans la plage normale
11933810B21305509879120,الزهور,641.781,17687.5,3.24835,Kasserine,646.581,0.00280829,-4.79993,-0.000827574,0.00280829,-0.000888024,-0.0372482,0.0388981,0.861801,10,-1.35787,True,-1.35787,within normal range · dans la plage normale
11933810B9843874857613,العلاء,711.24,25616.5,359.205,Kairouan,176.796,0.145042,534.444,0.167271,0.145042,0.167271,0.0764431,0.226744,0.000946318,10,1.45291,False,,low initial base · base initiale trop faible
11933810B85460766663298,جرجيس,4056.85,74187.5,881.681,Médenine,3188.82,0.0219323,868.027,0.0271115,0.0219323,0.0239217,0.00863707,0.0431285,0.00221285,10,-0.979946,True,-0.979946,within normal range · dans la plage normale
11933810B63769477321457,Jendouba Nord,1906.78,51447.4,297.068,Jendouba,1047.7,0.0876247,859.08,0.0687987,0.0876247,0.065156,0.00638724,0.0861649,0.00468695,10,0.318246,True,0.318246,within normal range · dans la plage normale
11933810B76554962247664,دقاش,1809.29,31341.9,1412.05,Tozeur,679.063,0.0437176,1130.23,0.115035,0.0437176,0.0481835,0.0311131,0.114135,0.000946318,10,-0.549433,True,-0.549433,within normal range · dans la plage normale
11933810B30823561868472,طبربة,1437.74,58234.6,285.124,Manouba,983.15,0.0337248,454.59,0.0431339,0.0337248,0.0102844,-0.0256267,0.0473145,0.291248,10,-0.746907,True,-0.746907,within normal range · dans la plage normale
11933810B61776975949609,صفاقس المدينة,4846.46,107320,28.3649,Sfax,4270.03,0.00910134,576.43,0.0141692,0.00910134,0.006328,-0.0145777,0.0259101,0.600654,10,-1.23351,True,-1.23351,within normal range · dans la plage normale
11933810B38819723902176,قبلاط,765.943,13883.3,412.257,Béja,275.391,0.120075,490.552,0.120368,0.120075,0.121293,0.101,0.154336,2.97619e-05,10,0.959526,False,,low initial base · base initiale trop faible
11933810B33504132443060,نابل,3924.92,89326.1,74.6778,Nabeul,3675.16,-0.00145174,249.763,0.0073323,-0.00145174,-0.00470891,-0.0279271,0.0153673,0.72749,10,-1.44205,True,-1.44205,within normal range · dans la plage normale
11933810B24040773299461,منيهلة,2794.44,153409,23.0462,Ariana,2058.68,0.0455247,735.761,0.0345349,0.0455247,0.0304913,0.0114959,0.0533112,0.000357694,10,-0.51372,True,-0.51372,within normal range · dans la plage normale
11933810B74384837832426,منوبة‬,2704.59,97883.8,11.7303,Manouba,2317.21,0.0169657,387.382,0.0173247,0.0169657,0.0148289,-0.00149987,0.0340211,0.108313,10,-1.07809,True,-1.07809,within normal range · dans la plage normale
11933810B33126972723663,منزل جميل,2641.93,50943.6,78.7067,Bizerte,1792.52,0.0441666,849.413,0.044041,0.0441666,0.0385408,0.0178807,0.0508792,0.00221285,10,-0.54056,True,-0.54056,within normal range · dans la plage normale
11933810B84840502063502,مساكن,5997.31,94972.7,330.736,Sousse,4428.76,0.0339249,1568.56,0.0342619,0.0339249,0.0311365,0.0193132,0.0445514,2.97619e-05,10,-0.742952,True,-0.742952,within normal range · dans la plage normale
11933810B37259719331002,ماجل بالعباس,1135.62,23412,882.231,Kasserine,763.38,0.0583803,372.24,0.0451192,0.0583803,0.039761,0.0181822,0.0792521,0.000946318,10,-0.259673,True,-0.259673,within normal range · dans la plage normale
11933810B95892911712161,كندار,1024.76,11607.9,159.703,Sousse,385.587,0.144911,639.175,0.114722,0.144911,0.120243,0.0961368,0.149213,2.97619e-05,10,1.45033,True,1.45033,within normal range · dans la plage normale
11933810B44054307576941,قلعة سنان,1228.21,14245.6,509.353,El Kef,561.76,0.0653047,666.451,0.0908045,0.0653047,0.0736747,0.0287333,0.108867,0.00468695,10,-0.122836,True,-0.122836,within normal range · dans la plage normale
11933810B62465925468138,قلعة الأندلس,2686.33,38511.9,189.358,Ariana,1579.39,0.0585122,1106.94,0.0607913,0.0585122,0.0510149,0.0291611,0.0786084,0.00011519,10,-0.257067,True,-0.257067,within normal range · dans la plage normale
11933810B35489062673947,قصر هلال,2270.8,53832,22.1994,Monastir,1581.19,0.0358505,689.61,0.0410369,0.0358505,0.032145,0.0177383,0.0559494,0.00468695,10,-0.7049,True,-0.7049,within normal range · dans la plage normale
11933810B27831601054676,قرمبالية,5262.9,75516.5,300.485,Nabeul,3474.22,0.0519943,1788.69,0.0472273,0.0519943,0.0472273,0.0365124,0.0541206,5.51146e-06,10,-0.385871,True,-0.385871,within normal range · dans la plage normale
11933810B33023449768384,قبلي الجنوبية,2342.89,25699.8,1140.08,Kébili,1025,0.088177,1317.9,0.0962061,0.088177,0.0862373,0.0614374,0.0991731,5.51146e-06,10,0.329159,True,0.329159,within normal range · dans la plage normale
11933810B10126944429848,قابس المدينة,3002.06,45919.4,17.1074,Gabès,2324.8,0.010287,677.261,0.0288146,0.010287,0.0139935,-0.00829836,0.040322,0.216373,10,-1.21008,True,-1.21008,within normal range · dans la plage normale
11933810B98066234289129,فرنانة,799.876,44799.1,390.091,Jendouba,195.643,0.222828,604.232,0.169367,0.222828,0.211921,0.16487,0.262367,2.97619e-05,10,2.99008,False,,low initial base · base initiale trop faible
11933810B83790658636329,غنوش,1102.43,32396.5,20.3944,Gabès,460.672,0.101172,641.761,0.10181,0.101172,0.101172,0.0663097,0.123887,5.51146e-06,10,0.585964,True,0.585964,within normal range · dans la plage normale
11933810B65727884052892,‫عقارب‬,3374.78,31437.8,732.947,Sfax,1553.3,0.116735,1821.47,0.0900419,0.116735,0.0900419,0.0825169,0.110018,5.51146e-06,10,0.89351,True,0.89351,within normal range · dans la plage normale
11933810B89464736925123,طينة,5115.63,78332.6,100.874,Sfax,3528.97,0.0544742,1586.66,0.0421179,0.0544742,0.0532457,0.0397179,0.0665334,2.97619e-05,10,-0.336864,True,-0.336864,within normal range · dans la plage normale
11933810B49609226357839,طبلبة,1391.29,41452,22.6036,Monastir,1077.79,0.0342877,313.503,0.0287753,0.0342877,0.0305605,0.0178102,0.039788,0.000946318,10,-0.735783,True,-0.735783,within normal range · dans la plage normale
11933810B10641809578431,صيادة - لمطة - بوحجر,1674.25,32322.3,13.3154,Monastir,987.778,0.0534912,686.469,0.0603817,0.0534912,0.0539346,0.0447986,0.0684258,5.51146e-06,10,-0.35629,True,-0.35629,within normal range · dans la plage normale
11933810B93819416666054,سوسة جوهرة,4871.42,117935,13.8922,Sousse,3385.25,0.0374799,1486.17,0.0412684,0.0374799,0.0363606,0.0265444,0.051154,0.00011519,10,-0.672699,True,-0.672699,within normal range · dans la plage normale
11933810B21860369421282,رأس الجبل,1776.47,61944.2,84.6382,Bizerte,1042.75,0.0695989,733.717,0.0609833,0.0695989,0.049465,0.0203692,0.0695989,0.000946318,10,-0.0379756,True,-0.0379756,within normal range · dans la plage normale
11933810B55404586431180,صفاقس الغربية,2762.98,108811,16.3257,Sfax,2202.62,0.0256427,560.355,0.0255043,0.0256427,0.0210664,-0.00432633,0.0392909,0.108313,10,-0.906622,True,-0.906622,within normal range · dans la plage normale
11933810B91827641175132,قصيبة المديوني,1891.73,40292.7,35.5131,Monastir,1340.78,0.0373722,550.949,0.0389898,0.0373722,0.035804,0.0292959,0.0411944,2.97619e-05,10,-0.674828,True,-0.674828,within normal range · dans la plage normale
11933810B81652618880798,بوعرادة,618.55,9803.28,379.747,Siliana,232.916,0.137543,385.634,0.11463,0.137543,0.132575,0.0700109,0.202362,0.000357694,10,1.30471,False,,low initial base · base initiale trop faible
11933810B45632571730396,سيدي بو علي,1757.01,24545.1,127.823,Sousse,994.184,0.0635439,762.828,0.0653165,0.0635439,0.0587366,0.0393618,0.0675123,2.97619e-05,10,-0.157631,True,-0.157631,within normal range · dans la plage normale
11933810B19204281524577,سيدي الهاني,1351.65,15082.8,315.755,Sousse,446.801,0.158213,904.85,0.130881,0.158213,0.137142,0.121946,0.156127,5.51146e-06,10,1.71318,True,1.71318,within normal range · dans la plage normale
11933810B13786823130754,سيدي البشير,1182.59,25445.8,2.9832,Tunis,927.243,-0.000331186,255.344,0.0273957,-0.000331186,0.00182334,-0.00569725,0.0230694,0.72749,10,-1.41991,True,-1.41991,within normal range · dans la plage normale
11933810B12415666618118,باجة الشمالية,2131.68,77347.6,424.326,Béja,1451.74,0.0345772,679.941,0.043607,0.0345772,0.0415669,0.0279304,0.0562112,0.000946318,10,-0.730062,True,-0.730062,within normal range · dans la plage normale
11933810B21725458188720,قعفور,552.47,14853,460.302,Siliana,547.776,0.00969031,4.69371,0.000948468,0.00969031,0.0146416,-0.00790013,0.0495255,0.155742,10,-1.22187,True,-1.22187,within normal range · dans la plage normale
11933810B54708226655560,المتلوي,2358.83,39073.3,969.137,Gafsa,1284.66,0.079564,1074.17,0.0698505,0.079564,0.0717896,0.0282671,0.104415,0.000357694,10,0.158951,True,0.158951,within normal range · dans la plage normale
11933810B97114621769355,‫الصخیرة‬,1979.53,37103.8,904.913,Sfax,1406.06,0.0391066,573.469,0.038739,0.0391066,0.0510238,0.0248391,0.0769533,0.00468695,10,-0.640553,True,-0.640553,within normal range · dans la plage normale
11933810B76195291286542,الزاوية قصيبة الثريات,3518.59,49191.2,35.8642,Sousse,2023.73,0.0523676,1494.86,0.0633855,0.0523676,0.0500606,0.0364425,0.072027,5.51146e-06,10,-0.378495,True,-0.378495,within normal range · dans la plage normale
11933810B97530891468779,المدينة الجديدة,2338.64,49842.9,7.76122,Ben Arous,1153.37,0.0994626,1185.26,0.0817085,0.0994626,0.084728,0.0484217,0.12267,2.97619e-05,10,0.552182,True,0.552182,within normal range · dans la plage normale
11933810B40013450318318,سوسة الرياض,1929.14,45609.3,9.66738,Sousse,880.436,0.0894193,1048.71,0.091068,0.0894193,0.0554049,0.0358659,0.10158,5.51146e-06,10,0.35371,True,0.35371,within normal range · dans la plage normale
11933810B9968739853543,نفطة,1009.09,22389.1,1636.44,Tozeur,634.356,0.0279298,374.731,0.05293,0.0279298,0.0289641,0.0143088,0.0678973,0.00914848,10,-0.861426,True,-0.861426,within normal range · dans la plage normale
11933810B18034425554259,هبيرة,648.628,11375.8,314.855,Mahdia,315.749,0.0949383,332.879,0.0832765,0.0949383,0.0668066,-0.00440898,0.112326,0.0725502,10,0.462774,True,0.462774,within normal range · dans la plage normale
11933810B2611958153952,البطان,762.331,17192.1,154.948,Manouba,416.879,0.0807203,345.452,0.0693649,0.0807203,0.0646536,0.0374153,0.0779144,0.000357694,10,0.181802,True,0.181802,within normal range · dans la plage normale
11933810B25147295271575,الحمامات,6934.36,101616,326.66,Nabeul,5140.52,0.0280681,1793.84,0.0338186,0.0280681,0.0273228,0.0106985,0.0455499,0.0286095,10,-0.858692,True,-0.858692,within normal range · dans la plage normale
11933810B34035527934296,السرس,1085.09,21682.5,431.41,El Kef,568.05,0.079867,517.04,0.0745609,0.079867,0.0780523,0.0446752,0.108948,0.000357694,10,0.164939,True,0.164939,within normal range · dans la plage normale
11933810B96784549406628,العمران الأعلى,1253.24,44721.4,3.18,Tunis,840.218,0.0449182,413.026,0.0454271,0.0449182,0.0388454,-0.00284896,0.0745815,0.155742,10,-0.525707,True,-0.525707,within normal range · dans la plage normale
11933810B58410238411456,العيون,610.012,19049.7,410.142,Kasserine,185.596,0.171879,424.416,0.14135,0.171879,0.122597,0.0708226,0.157992,5.51146e-06,10,1.98326,False,,low initial base · base initiale trop faible
11933810B56753019610878,الكبارية,2024.33,94224.1,10.3471,Tunis,2483.4,-0.0287767,-459.076,-0.0224543,-0.0287767,-0.0289194,-0.0385386,-0.0166292,0.00221285,10,-1.98204,True,-1.98204,within normal range · dans la plage normale
11933810B70692418830632,المروج,3759.85,93704.5,15.7253,Ben Arous,3474.51,-0.00280154,285.343,0.00880817,-0.00280154,0.00207165,-0.0115043,0.0109834,0.72749,10,-1.46873,True,-1.46873,within normal range · dans la plage normale
11933810B18047024672055,بن قردان,3428.59,84961.9,4791.78,Médenine,1870.75,0.0826442,1557.84,0.0696296,0.0826442,0.0554664,0.031815,0.0907922,0.000357694,10,0.219822,True,0.219822,within normal range · dans la plage normale
11933810B71937428341343,جربة اجيم,1651.14,25473,158.971,Médenine,854.789,0.0862089,796.351,0.0758939,0.0862089,0.0755077,0.0410662,0.0864447,0.00011519,10,0.290266,True,0.290266,within normal range · dans la plage normale
11933810B22764087432985,جربة حومة السوق,4878.35,82917.4,164.16,Médenine,3159.21,0.0538033,1719.15,0.0494606,0.0538033,0.0566052,0.0170178,0.0699867,0.000357694,10,-0.350123,True,-0.350123,within normal range · dans la plage normale
11933810B67956509398297,حزوة,759.12,4890.13,1281.22,Tozeur,285.406,0.115438,473.714,0.114821,0.115438,0.115483,0.0902133,0.149225,2.97619e-05,10,0.867892,False,,low initial base · base initiale trop faible
11933810B81607479948477,زغوان,3338.7,44249.4,407.07,Zaghouan,1298.56,0.132587,2040.15,0.110628,0.132587,0.108786,0.0770354,0.126912,2.97619e-05,10,1.20677,True,1.20677,within normal range · dans la plage normale
11933810B21220731511134,سليانة الجنوبية,1357.25,28145,492.971,Siliana,500.063,0.112854,857.19,0.117331,0.112854,0.0990147,0.0438146,0.137344,0.00011519,10,0.816827,True,0.816827,within normal range · dans la plage normale
11933810B70280449703815,سيدي بوزيد الغربية,3788.89,68894.4,422.25,Sidi Bouzid,2299.95,0.04692,1488.94,0.0570321,0.04692,0.042296,0.0161142,0.0806917,0.00468695,10,-0.486148,True,-0.486148,within normal range · dans la plage normale
11933810B49417994468433,غمراسن,1433.09,13830,687.344,Tataouine,520.452,0.111988,912.636,0.119121,0.111988,0.107855,0.0758273,0.145191,2.97619e-05,10,0.7997,True,0.7997,within normal range · dans la plage normale
11933810B60005514770048,قابس الجنوبية,3811.78,78942.9,292.663,Gabès,2604.5,0.0239795,1207.28,0.0432255,0.0239795,0.0315769,0.00819719,0.0584652,0.00468695,10,-0.93949,True,-0.93949,within normal range · dans la plage normale
11933810B64556610249653,الشابة,1236.05,23858.6,118.456,Mahdia,853.675,0.0339162,382.378,0.0419827,0.0339162,0.0212823,-0.00642796,0.0547066,0.155742,10,-0.743124,True,-0.743124,within normal range · dans la plage normale
11933810B13305423353951,طبرقة‎,1704.79,50502.8,372.116,Jendouba,969.661,0.0839452,735.13,0.0647016,0.0839452,0.0647016,0.0318657,0.0975159,0.00914848,10,0.245531,True,0.245531,within normal range · dans la plage normale
11933810B30023985357701,سوق الجديد,675.36,23115,344.556,Sidi Bouzid,278.892,0.110975,396.468,0.10326,0.110975,0.10326,0.0947094,0.127171,5.51146e-06,10,0.779692,False,,low initial base · base initiale trop faible
11933810B8106113048091,سوق الأحد,1409.46,17186.4,1664.05,Kébili,769.851,0.0782539,639.609,0.0695052,0.0782539,0.0722002,0.0245309,0.0991508,0.000946318,10,0.133063,True,0.133063,within normal range · dans la plage normale
11933810B8352609818393,سوسة سيدي عبد الحميد,3099.72,48143.3,11.8837,Sousse,2253.23,0.0162057,846.481,0.0360736,0.0162057,0.0149482,-0.0010449,0.036447,0.0725502,10,-1.09311,True,-1.09311,within normal range · dans la plage normale
11933810B4615556416921,سوسة المدينة,2440.49,41873,7.046,Sousse,1905.16,0.025298,535.329,0.0278967,0.025298,0.0178354,0.000177288,0.0450486,0.0466226,10,-0.913434,True,-0.913434,within normal range · dans la plage normale
11933810B69163376090757,سكرة,5918.23,143488,28.6041,Ariana,3946.22,0.0487654,1972.01,0.0460604,0.0487654,0.042608,0.0255912,0.0678636,0.00221285,10,-0.449679,True,-0.449679,within normal range · dans la plage normale
11933810B55515778364888,ساقية سيدي يوسف,1450.99,16806.5,724.996,El Kef,415.703,0.128186,1035.29,0.149,0.128186,0.128186,0.11124,0.164313,5.51146e-06,10,1.11981,True,1.11981,within normal range · dans la plage normale
11933810B89439185484115,ساقية الزيت,6999.41,92068.1,92.5037,Sfax,3935.33,0.085049,3064.08,0.0660723,0.085049,0.0703809,0.0615928,0.0812242,5.51146e-06,10,0.267344,True,0.267344,within normal range · dans la plage normale
11933810B13645243771423,ساقية الدائر,6288.9,126299,114.551,Sfax,3756.23,0.0550391,2532.66,0.0589344,0.0550391,0.0503895,0.0386776,0.0716135,2.97619e-05,10,-0.325701,True,-0.325701,within normal range · dans la plage normale
11933810B90990960542190,رواد,5058.12,176982,55.185,Ariana,3379.75,0.0294681,1678.38,0.0458181,0.0294681,0.0125611,-0.00429967,0.0596835,0.155742,10,-0.831027,True,-0.831027,within normal range · dans la plage normale
11933810B4282823233173,دوز الشمالية,2963.74,22508.7,2636.61,Kébili,1968.51,0.045007,995.238,0.0465136,0.045007,0.047776,0.0327473,0.0622379,0.000946318,10,-0.523952,True,-0.523952,within normal range · dans la plage normale
11933810B49944749177942,دوز الجنوبية,780.47,20848.7,5185.6,Kébili,332.481,0.106633,447.989,0.0994527,0.106633,0.098757,0.0818896,0.106633,5.51146e-07,10,0.693881,True,0.693881,within normal range · dans la plage normale
11933810B69098282317118,دوار هيشر,1755.82,98371.9,8.74532,Manouba,1118.08,0.0582128,637.745,0.051426,0.0582128,0.0490565,-0.00857869,0.093246,0.108313,10,-0.262982,True,-0.262982,within normal range · dans la plage normale
11933810B9429743875970,دار شعبان الفهري,1440.74,41527.9,67.4504,Nabeul,967.053,0.0469588,473.685,0.045291,0.0469588,0.0332223,0.026273,0.0543449,2.97619e-05,10,-0.485382,True,-0.485382,within normal range · dans la plage normale
11933810B96031064721664,حي التضامن,635.813,69843.9,3.37882,Ariana,481.218,0.0314814,154.595,0.0314378,0.0314814,0.0260443,-0.0097256,0.0568466,0.600654,10,-0.79124,True,-0.79124,within normal range · dans la plage normale
11933810B92430147648185,حمام سوسة,3069.7,60196.9,18.5132,Sousse,3024.21,0.00089206,45.4953,0.00166045,0.00089206,-0.000999938,-0.0161231,0.0128593,1,10,-1.39574,True,-1.39574,within normal range · dans la plage normale
11933810B65786338139889,حلق الوادي,3436.09,56230.6,20.6703,Tunis,2940.03,-2.09834e-06,496.06,0.0174747,-2.09834e-06,-0.000759339,-0.0224707,0.0204503,0.861801,10,-1.41341,True,-1.41341,within normal range · dans la plage normale
11933810B70107776875396,جرزونة,1278.18,24092.8,6.7202,Bizerte,1070.15,-0.00196997,208.031,0.0199337,-0.00196997,0.0100025,-0.0249928,0.0462539,0.72749,10,-1.45229,True,-1.45229,within normal range · dans la plage normale
11933810B38507486646045,جدليان,333.228,11536.3,273.22,Kasserine,298.249,0.0159687,34.9788,0.0123982,0.0159687,0.0164742,-0.00662295,0.0316439,0.216373,10,-1.0978,True,-1.0978,within normal range · dans la plage normale
11933810B63287447977470,جبل الجلود,1239.25,19603.5,4.57534,Tunis,954.365,0.013532,284.884,0.0294492,0.013532,0.013532,-0.0115369,0.0545277,0.216373,10,-1.14595,True,-1.14595,within normal range · dans la plage normale
11933810B92881576006474,تينجة,494.372,32355.9,57.6209,Bizerte,342.536,0.0285014,151.836,0.0416104,0.0285014,0.0207136,0.00344597,0.043741,0.0166661,10,-0.850129,True,-0.850129,within normal range · dans la plage normale
11933810B62164441904454,توزر,3239.22,50880.9,815.875,Tozeur,2089.95,0.031311,1149.27,0.0498929,0.031311,0.0291894,0.020471,0.0547476,0.000357694,10,-0.794607,True,-0.794607,within normal range · dans la plage normale
11933810B67504768334789,تمغزة,1283.62,6284.91,884.751,Tozeur,325.665,0.151847,957.952,0.164622,0.151847,0.0858848,0.0628065,0.179551,5.51146e-07,10,1.58738,True,1.58738,within normal range · dans la plage normale
11933810B41543815367913,تطاوين الجنوبية,2159.88,62099.1,1893.5,Tataouine,1196.44,0.0697096,963.435,0.067835,0.0697096,0.0661729,0.0406461,0.0818806,0.00011519,10,-0.0357878,True,-0.0357878,within normal range · dans la plage normale
11933810B76558874378908,تاجروين,1660.51,26637,718.155,El Kef,883.71,0.0702386,776.801,0.0725978,0.0702386,0.0678967,0.0371199,0.0907545,0.00011519,10,-0.0253325,True,-0.0253325,within normal range · dans la plage normale
11933810B84931460768485,بئر علي بن خليفة,1521.18,53471.8,1199.33,Sfax,492.725,0.170694,1028.46,0.133437,0.170694,0.142899,0.111767,0.176372,5.51146e-06,10,1.95983,True,1.95983,within normal range · dans la plage normale
11933810B19780106503049,بئر الأحمر,644.734,9300.57,242.839,Tataouine,321.473,0.0838975,323.261,0.080393,0.0838975,0.0743211,0.0566177,0.105983,2.97619e-05,10,0.244589,True,0.244589,within normal range · dans la plage normale
11933810B69037134075078,بوفيشة,2038.6,27188.3,261.857,Sousse,1108.22,0.0645173,930.38,0.0700691,0.0645173,0.0680649,0.0474583,0.0825385,0.000357694,10,-0.138396,True,-0.138396,within normal range · dans la plage normale
11933810B70885239011208,بو عرقوب,2509.08,31242.5,128.904,Nabeul,966.606,0.0847109,1542.47,0.111807,0.0847109,0.0816605,0.0358202,0.113692,0.00011519,10,0.260663,True,0.260663,within normal range · dans la plage normale
11933810B39767465855300,بني خلاد,1653.9,40388.6,113.395,Nabeul,992.088,0.0754631,661.814,0.0584301,0.0754631,0.0607165,0.047024,0.0771093,0.00011519,10,0.0779124,True,0.0779124,within normal range · dans la plage normale
11933810B3817841111611,برقو,678.353,11930.1,447.424,Siliana,162.068,0.226938,516.285,0.172423,0.226938,0.196609,0.161224,0.257479,0.000946318,10,3.0713,False,,low initial base · base initiale trop faible
11933810B17084695603021,برج العامري,1475.05,19626.3,172.267,Manouba,516.746,0.121359,958.301,0.123607,0.121359,0.119456,0.0919857,0.157374,5.51146e-07,10,0.984883,True,0.984883,within normal range · dans la plage normale
11933810B61318752024090,الوردية,1055.37,31807.6,3.97841,Tunis,1057.4,-0.0207887,-2.02974,-0.000213467,-0.0207887,-0.0186381,-0.0280879,0.00531918,0.108313,10,-1.82418,True,-1.82418,within normal range · dans la plage normale
11933810B40616905411348,الوردانين,901.855,22103.6,51.6256,Monastir,534.87,0.0659153,366.985,0.0597657,0.0659153,0.0595357,0.0499964,0.0659153,5.51146e-07,10,-0.110768,True,-0.110768,within normal range · dans la plage normale
11933810B72032041676540,المنزه,3449.89,44307.1,9.73856,Tunis,3028.73,0.00981797,421.164,0.0145718,0.00981797,0.00981797,-0.00803914,0.0270726,0.484313,10,-1.21935,True,-1.21935,within normal range · dans la plage normale
11933810B15261795399084,الكرم,2737.74,66085.3,9.53821,Tunis,2322.91,0.0137194,414.835,0.0184248,0.0137194,0.010407,-0.00289073,0.0331568,0.108313,10,-1.14225,True,-1.14225,within normal range · dans la plage normale
11933810B46924105449942,القلعة الكبرى,3143.6,67730.1,231.619,Sousse,1802.54,0.0795694,1341.06,0.0637461,0.0795694,0.0630705,0.0516002,0.0795694,5.51146e-07,10,0.159058,True,0.159058,within normal range · dans la plage normale
11933810B31167158349382,القلعة الصغرى,2031.45,49945.3,102.719,Sousse,1230.16,0.073432,801.289,0.0573162,0.073432,0.0578276,0.0430359,0.0736325,2.97619e-05,10,0.0377734,True,0.0377734,within normal range · dans la plage normale
11933810B49043051728800,القلعة الخصباء,498.499,6365.38,205.25,El Kef,211.658,0.130179,286.841,0.0998582,0.130179,0.114104,0.0465802,0.15761,0.00011519,10,1.15919,False,,low initial base · base initiale trop faible
11933810B67570722535168,الفوار‬,2228,20964,9714.14,Kébili,662.199,0.152544,1565.81,0.14432,0.152544,0.144354,0.111379,0.173718,2.97619e-05,10,1.60115,True,1.60115,within normal range · dans la plage normale
11933810B99487931603822,الفحص,2592.63,47781.3,931.139,Zaghouan,1056.97,0.0919869,1535.66,0.104835,0.0919869,0.103858,0.0755336,0.1319,5.51146e-06,10,0.404449,True,0.404449,within normal range · dans la plage normale
11933810B8760132099835,الغريبة,984.071,10564.5,428.74,Sfax,324.459,0.171758,659.612,0.131203,0.171758,0.151385,0.11582,0.180818,2.97619e-05,10,1.98087,True,1.98087,within normal range · dans la plage normale
11933810B5953362566301,السبيخة,2627.89,88952.5,1063.32,Kairouan,1042.29,0.132911,1585.6,0.108215,0.132911,0.124719,0.0965769,0.145975,5.51146e-06,10,1.21317,True,1.21317,within normal range · dans la plage normale
11933810B1906058680343,الساحلين,2511.47,30824.4,42.5311,Monastir,1716.91,0.0473818,794.558,0.0431658,0.0473818,0.0436984,0.0301578,0.0533833,0.00011519,10,-0.477021,True,-0.477021,within normal range · dans la plage normale
11933810B82782291879884,الدهماني,1117.78,25421.3,541.572,El Kef,662.261,0.0776437,455.517,0.0598843,0.0776437,0.0679147,0.0453977,0.0846899,0.000357694,10,0.121003,True,0.121003,within normal range · dans la plage normale
11933810B93810808295366,الحرائرية,2914.2,97287.6,23.8658,Tunis,2397.74,0.0325711,516.462,0.0219109,0.0325711,0.032306,0.00883715,0.0551238,0.0286095,10,-0.769707,True,-0.769707,within normal range · dans la plage normale
11933810B26016099352541,الجريصة,879.091,8526.25,171.551,El Kef,464.793,0.0828348,414.297,0.0733779,0.0828348,0.0772892,0.0418588,0.109423,2.97619e-05,10,0.223588,True,0.223588,within normal range · dans la plage normale
11933810B19311233217993,البقالطة,911.658,16752.5,40.3839,Monastir,776.868,0.013895,134.79,0.0179361,0.013895,0.0130471,-0.00567191,0.0396676,0.484313,10,-1.13878,True,-1.13878,within normal range · dans la plage normale
11933810B52939615202666,أكودة,3669.01,44059.6,45.053,Sousse,2084.63,0.0707616,1584.38,0.0648291,0.0707616,0.0604115,0.0382581,0.0720942,5.51146e-06,10,-0.0149971,True,-0.0149971,within normal range · dans la plage normale
11933810B85991761590163,أريانة المدينة,5044.83,129471,18.6755,Ariana,4254.3,0.0141859,790.526,0.0191174,0.0141859,0.0116236,0.00268897,0.0272219,0.0166661,10,-1.13303,True,-1.13303,within normal range · dans la plage normale
11933810B91048903383845,Menzel Chaker,2607.67,38095.7,1628.82,Sfax,763.897,0.172311,1843.77,0.146163,0.172311,0.151013,0.124428,0.173296,5.51146e-06,10,1.99179,True,1.99179,within normal range · dans la plage normale
11933810B64295465131340,El Hencha,2915.58,53066.4,525.359,Sfax,1226.08,0.13028,1689.49,0.101033,0.13028,0.112684,0.100799,0.130724,5.51146e-06,10,1.16118,True,1.16118,within normal range · dans la plage normale
11933810B39381734454792,Carthage,1952.02,26336.2,8.34485,Tunis,1554.54,0.0236351,397.481,0.0256212,0.0236351,0.0207896,0.00980219,0.0338508,0.000946318,10,-0.946297,True,-0.946297,within normal range · dans la plage normale
11933810B27500273818749,Bou Salem,1237.06,25890.4,283.064,Jendouba,785.455,0.0598794,451.601,0.0517649,0.0598794,0.0524321,0.0363401,0.0730507,0.000357694,10,-0.230049,True,-0.230049,within normal range · dans la plage normale
11933810B50492442899568,Balta Bouawene,1012.27,45665.7,295.915,Jendouba,387.759,0.118025,624.511,0.11251,0.118025,0.128024,0.0842322,0.164796,0.00011519,10,0.919004,True,0.919004,within normal range · dans la plage normale
11933810B69695767821716,غار الملح,820.145,15123.3,93.6117,Bizerte,464.211,0.0598382,355.934,0.0652805,0.0598382,0.0615784,0.045602,0.0745124,2.97619e-05,10,-0.230863,True,-0.230863,within normal range · dans la plage normale
11933810B79768086949873,وادي اللیل‬,2609.65,96742,57.8424,Manouba,1617.88,0.055159,991.765,0.0545581,0.055159,0.0539473,0.0313843,0.0765847,2.97619e-05,10,-0.323332,True,-0.323332,within normal range · dans la plage normale
11933810B94389885221206,واد مليز,502.125,17947.3,198.512,Jendouba,245.649,0.103725,256.475,0.0826787,0.103725,0.0909204,0.0508071,0.11996,0.00011519,10,0.636407,False,,low initial base · base initiale trop faible
11933810B20916595248179,هرقلة,1491.47,9808.26,84.9454,Sousse,853.877,0.0829356,637.59,0.0639302,0.0829356,0.0747415,0.0257148,0.0874069,0.000946318,10,0.22558,True,0.22558,within normal range · dans la plage normale
11933810B90101987139089,العالية,964.779,33986.4,84.3133,Bizerte,380.751,0.0954972,584.028,0.108831,0.0954972,0.0780161,0.0451975,0.113441,0.00011519,10,0.473818,True,0.473818,within normal range · dans la plage normale
11933810B20445335117262,الشراردة,792.268,24490.8,328.879,Kairouan,369.468,0.131447,422.801,0.0884554,0.131447,0.117708,0.0634106,0.157485,0.00221285,10,1.18425,True,1.18425,within normal range · dans la plage normale
11933810B77374835127738,حمام الشط,1812.54,39526.9,25.8872,Ben Arous,1225.54,0.0461,586.997,0.0444421,0.0461,0.0450978,0.00558745,0.0815312,0.00221285,10,-0.502353,True,-0.502353,within normal range · dans la plage normale
11933810B69090870616601,تيبار,274.396,11427.4,114.371,Béja,123.036,0.107984,151.359,0.0932132,0.107984,0.0938726,-0.00476179,0.167495,0.108313,10,0.720574,False,,low initial base · base initiale trop faible
11933810B93719080710322,‫المحرس‬,2883.44,50434.4,431.785,Sfax,2516.19,0.0148485,367.245,0.0152525,0.0148485,0.0119873,0.000909313,0.033124,0.0466226,10,-1.11993,True,-1.11993,within normal range · dans la plage normale
11933810B77110081230007,بلخير,439.955,15435.6,839.188,Gafsa,107.783,0.198744,332.172,0.169158,0.198744,0.186878,0.157269,0.226567,2.97619e-05,10,2.51414,False,,low initial base · base initiale trop faible
11933810B27365957956997,العامرة,1810.39,31662.5,179.534,Sfax,804.039,0.0958799,1006.35,0.0943748,0.0958799,0.0893137,0.0618411,0.101873,2.97619e-05,10,0.481382,True,0.481382,within normal range · dans la plage normale
11933810B63201722786618,الكريب,753.584,19524.1,424.05,Siliana,607.347,0.0292906,146.237,0.0242608,0.0292906,0.0249519,0.00377248,0.0496386,0.0166661,10,-0.834533,True,-0.834533,within normal range · dans la plage normale
11933810B80970548575435,باب بحر,2656.99,24283.1,10.9365,Tunis,2411.08,-0.00370625,245.917,0.0108498,-0.00370625,-0.0034226,-0.0077108,0.00901994,0.291248,10,-1.48661,True,-1.48661,within normal range · dans la plage normale
11933810B4327996675990,الزهراء,1424.56,40854.7,7.56139,Ben Arous,1032.38,0.0466457,392.174,0.0364244,0.0466457,0.0436542,0.0222804,0.057843,0.00221285,10,-0.491567,True,-0.491567,within normal range · dans la plage normale
11933810B23225476199680,العمران,1729.31,39160,4.77101,Tunis,1203.26,0.0359107,526.048,0.0411214,0.0359107,0.0359107,-0.000326871,0.0614839,0.0725502,10,-0.70371,True,-0.70371,within normal range · dans la plage normale
11933810B16314159892818,مقرين,1997.34,34676,10.5423,Ben Arous,1556.21,0.00810827,441.135,0.0281176,0.00810827,0.0173255,0.000365822,0.0329682,0.0466226,10,-1.25313,True,-1.25313,within normal range · dans la plage normale
11933810B99011573109347,بومهل البساتين,2441.36,41329.9,20.1042,Ben Arous,1503.27,0.0622123,938.09,0.0553572,0.0622123,0.0567423,0.0471659,0.0669894,2.97619e-05,10,-0.183946,True,-0.183946,within normal range · dans la plage normale
11933810B49298312402477,جربة ميدون,4267.84,68167.6,187.437,Médenine,3160.9,0.0415156,1106.94,0.0339241,0.0415156,0.0316304,0.00363102,0.0417072,0.0466226,10,-0.592948,True,-0.592948,within normal range · dans la plage normale
11933810B14386581864910,حي الخضراء,7369.01,20760.5,36.1751,Tunis,6555.01,0.00278858,814.005,0.013091,0.00278858,0.00340807,-0.00510415,0.0189957,0.38072,10,-1.35826,True,-1.35826,within normal range · dans la plage normale
11933810B30705450500253,المرناقية,4565.79,49599.1,260.058,Manouba,1918.74,0.0853772,2647.05,0.101117,0.0853772,0.0880278,0.0777403,0.10325,5.51146e-07,10,0.27383,True,0.27383,within normal range · dans la plage normale
11933810B74832609224245,بنبلة,2002.24,35744.8,48.4098,Monastir,1369.31,0.0451601,632.927,0.0431213,0.0451601,0.0376973,0.0230174,0.0510132,0.00011519,10,-0.520927,True,-0.520927,within normal range · dans la plage normale
11933810B54416453623,سيدي بوزيد الشرقية,4200.02,60378.8,791.888,Sidi Bouzid,2490.15,0.0459132,1709.86,0.0598025,0.0459132,0.0410013,0.0255801,0.0686718,0.000946318,10,-0.506043,True,-0.506043,within normal range · dans la plage normale
11933810B98016623241881,سيدي ثابت,2226.94,56069.1,97.2932,Ariana,1412.76,0.0552866,814.176,0.0518647,0.0552866,0.048212,0.0332054,0.0696794,0.00011519,10,-0.32081,True,-0.32081,within normal range · dans la plage normale
11933810B21257507323383,سيدي حسين,4254.25,106510,64.6762,Tunis,3226.28,0.024884,1027.97,0.0312091,0.024884,0.0226237,0.00612517,0.036063,0.00468695,10,-0.921615,True,-0.921615,within normal range · dans la plage normale
11933810B7200177865373,سبيطلة,3218.24,78834.1,1113.03,Kasserine,1721.35,0.0905707,1496.89,0.0719989,0.0905707,0.0788153,0.067058,0.0980818,2.97619e-05,10,0.376463,True,0.376463,within normal range · dans la plage normale
11933810B17375886890417,حمام الأنف,1106.07,42094.8,11.147,Ben Arous,1032.09,0.00662523,73.9807,0.00772167,0.00662523,0.0087977,-0.00324853,0.0228325,0.216373,10,-1.28244,True,-1.28244,within normal range · dans la plage normale
11933810B52074179872789,فريانة,2785.06,54466.8,1002.87,Kasserine,1761.73,0.0528197,1023.33,0.0522028,0.0528197,0.0497803,0.0288787,0.0644989,0.000946318,10,-0.369559,True,-0.369559,within normal range · dans la plage normale
11933810B3034727793195,تستور,1783.4,34619,640.083,Béja,866.65,0.0954729,916.749,0.0834846,0.0954729,0.0778535,0.0528411,0.0948353,5.51146e-06,10,0.473339,True,0.473339,within normal range · dans la plage normale
11933810B37862088791511,حاجب العيون,1658.71,36358.9,586.864,Kairouan,638.907,0.144234,1019.8,0.111826,0.144234,0.111826,0.0767964,0.145721,0.000357694,10,1.43694,True,1.43694,within normal range · dans la plage normale
11933810B10014638911734,حاسي الفريد,651.089,20274,964.676,Kasserine,240.849,0.125251,410.24,0.116833,0.125251,0.133877,0.0868839,0.167082,0.00011519,10,1.0618,False,,low initial base · base initiale trop faible
11933810B29864184441707,بئر مشارقة,3752.26,31844.9,532.053,Zaghouan,1686.96,0.0846389,2065.29,0.0928898,0.0846389,0.0836804,0.0659549,0.092997,5.51146e-07,10,0.25924,True,0.25924,within normal range · dans la plage normale
11933810B5291941008457,Jendouba Sud,2648.17,62544.8,252.428,Jendouba,1873.76,0.0480768,774.409,0.0391839,0.0480768,0.0245726,-0.0230171,0.048654,0.291248,10,-0.463288,True,-0.463288,within normal range · dans la plage normale
11933810B48763821279010,Kerkennah,2348.15,14887.6,150.439,Sfax,1030.46,0.123203,1317.7,0.0958321,0.123203,0.118185,0.0692199,0.166578,5.51146e-06,10,1.02133,True,1.02133,within normal range · dans la plage normale
11933810B23318166280957,الروحية,490.683,25052.5,652.011,Siliana,280.293,0.0724656,210.389,0.0641942,0.0724656,0.0759001,0.0520907,0.0890065,2.97619e-05,10,0.0186753,False,,low initial base · base initiale trop faible
11933810B792600527731,السيجومي,694.129,24549.9,2.38643,Tunis,618.837,0.00869663,75.2923,0.0128391,0.00869663,0.0115988,-0.0362865,0.0472728,0.600654,10,-1.24151,True,-1.24151,within normal range · dans la plage normale
11933810B49393262252767,أم العرائس,1764.83,24139.2,971.565,Gafsa,844.611,0.102072,920.223,0.0853275,0.102072,0.0924722,0.0605409,0.111048,2.97619e-05,10,0.60374,True,0.60374,within normal range · dans la plage normale
11933810B59766353296810,سليانة الشمالية,1917.79,33858.3,384.233,Siliana,847.889,0.0367989,1069.9,0.0949254,0.0367989,0.0380677,0.00247532,0.0945391,0.00914848,10,-0.686158,True,-0.686158,within normal range · dans la plage normale
11933810B38672190318546,ذهيبة,1022.19,4357.41,3211.31,Tataouine,1403.91,-0.0207829,-381.717,-0.0346425,-0.0207829,-0.0235652,-0.100658,0.0310876,0.155742,10,-1.82407,True,-1.82407,within normal range · dans la plage normale
11933810B45404698681959,جومين,392.738,27032.2,552.301,Bizerte,219.388,0.0529859,173.349,0.0668387,0.0529859,0.0254573,-0.0196026,0.0748885,0.108313,10,-0.366275,False,,low initial base · base initiale trop faible
11933810B14634667217503,بومرداس,1693.75,33314.5,190.815,Mahdia,1068.65,0.0608398,625.1,0.0525042,0.0608398,0.0525042,0.0309093,0.0646995,5.51146e-06,10,-0.211068,True,-0.211068,within normal range · dans la plage normale
11933810B855044538504,بني خيار,2287.01,45625.6,105.16,Nabeul,1569.59,0.0400615,717.414,0.0427123,0.0400615,0.0349674,0.0136062,0.0562577,0.00221285,10,-0.621682,True,-0.621682,within normal range · dans la plage normale
11933810B10530629108425,بوحجلة,2304.35,74461.6,685.436,Kairouan,1012.15,0.105233,1292.2,0.0957225,0.105233,0.115031,0.0821535,0.138497,2.97619e-05,10,0.666212,True,0.666212,within normal range · dans la plage normale
11933810B94035776455507,الهوارية,2078.52,38798.3,309.361,Nabeul,823.244,0.12136,1255.28,0.108388,0.12136,0.0996016,0.0772327,0.12136,5.51146e-06,10,0.984917,True,0.984917,within normal range · dans la plage normale
11933810B85459320583034,صواف,636.937,13759.5,251.467,Zaghouan,241.945,0.144568,394.992,0.113548,0.144568,0.148471,0.0986241,0.175181,2.97619e-05,10,1.44353,False,,low initial base · base initiale trop faible
11933810B73279713716236,بئر الحفي,2016.32,41170.2,512.854,Sidi Bouzid,763.167,0.137724,1253.15,0.113992,0.137724,0.120501,0.0685554,0.181469,0.000357694,10,1.30829,True,1.30829,within normal range · dans la plage normale
11933810B41984965215358,الجديدة,2648.44,55658.9,182.586,Manouba,1119.56,0.102549,1528.88,0.100397,0.102549,0.0891758,0.0583304,0.133708,5.51146e-06,10,0.613165,True,0.613165,within normal range · dans la plage normale
11933810B94695140482222,المحمدية,3243.8,77273.7,96.6305,Ben Arous,1942.99,0.0667576,1300.82,0.0585994,0.0667576,0.0585994,0.0256486,0.084127,0.00468695,10,-0.094124,True,-0.094124,within normal range · dans la plage normale
11933810B14836095916482,القيروان الشمالية,5655.15,123819,250.546,Kairouan,3619.54,0.0376559,2035.61,0.0508295,0.0376559,0.0394197,0.0309309,0.0592717,0.00011519,10,-0.669222,True,-0.669222,within normal range · dans la plage normale
11933810B63421014427866,الكاف الغربية,1591.68,34493.6,212.956,El Kef,870.585,0.0644438,721.092,0.0693404,0.0644438,0.0564588,0.0183101,0.0900075,0.00914848,10,-0.139849,True,-0.139849,within normal range · dans la plage normale
11933810B49902378284824,نبر,1246.55,24314.1,716.054,El Kef,607.575,0.0943029,638.971,0.0831253,0.0943029,0.0884147,0.0631591,0.102637,2.97619e-05,10,0.450217,True,0.450217,within normal range · dans la plage normale
11933810B14406608577982,ملولش,832.552,23403.6,159.348,Mahdia,375.706,0.112161,456.845,0.0924356,0.112161,0.0974803,0.0625468,0.121791,2.97619e-05,10,0.803124,True,0.803124,within normal range · dans la plage normale
11933810B90184807818123,منزل بوزيان,837.193,25400.2,551.846,Sidi Bouzid,365.52,0.121639,471.672,0.096454,0.121639,0.0849798,0.0523318,0.131869,2.97619e-05,10,0.990417,True,0.990417,within normal range · dans la plage normale
11933810B99005067592963,جمال,4052.21,74170.1,156.249,Monastir,2201.28,0.053091,1850.94,0.0701543,0.053091,0.0417348,0.0135569,0.0788924,0.000946318,10,-0.364199,True,-0.364199,within normal range · dans la plage normale
11933810B7896937975348,بني خداش,942.305,23918.6,1353.74,Médenine,378.066,0.132105,564.239,0.1068,0.132105,0.114682,0.0457209,0.178305,0.000357694,10,1.19726,True,1.19726,within normal range · dans la plage normale
11933810B80105937964230,تبرسق,1058.34,20994.7,393.69,Béja,463.463,0.0586404,594.879,0.0960887,0.0586404,0.0710962,0.0422618,0.0917082,5.51146e-06,10,-0.254533,True,-0.254533,within normal range · dans la plage normale
11933810B23550451682072,المكنين,4210.14,94408.1,195.826,Monastir,2742.81,0.0586141,1467.33,0.0487642,0.0586141,0.0482799,0.0371698,0.0560911,5.51146e-06,10,-0.255052,True,-0.255052,within normal range · dans la plage normale
11933810B26778140305408,المنستير,5917.61,112495,61.873,Monastir,4754.92,0.0278284,1162.69,0.0246037,0.0278284,0.0247895,0.0148498,0.0338542,0.000946318,10,-0.86343,True,-0.86343,within normal range · dans la plage normale
11933810B93469460723803,والد شامخ,757.215,23980.9,323.438,Mahdia,439.477,0.0800571,317.738,0.0623159,0.0800571,0.0725544,0.0469477,0.101277,2.97619e-05,10,0.168696,True,0.168696,within normal range · dans la plage normale
11933810B66279865706920,قفصة الجنوبية,3948.84,93636.8,746.814,Gafsa,2847.69,0.0338138,1101.15,0.0369916,0.0338138,0.0338303,0.020131,0.0389244,0.000357694,10,-0.745148,True,-0.745148,within normal range · dans la plage normale
11933810B57085806890021,سيدي علوان,1386.14,37292.4,287.005,Mahdia,596.164,0.128103,789.977,0.0982867,0.128103,0.12241,0.0968623,0.154684,0.00011519,10,1.11816,True,1.11816,within normal range · dans la plage normale
11933810B48053950180724,الرقاب,3106.71,68285.8,1032.61,Sidi Bouzid,1270.29,0.12851,1836.43,0.104474,0.12851,0.117749,0.0883084,0.15368,2.97619e-05,10,1.1262,True,1.1262,within normal range · dans la plage normale
11933810B22312000664115,نفزة,938.832,45393.5,597.459,Béja,297.874,0.157745,640.958,0.136044,0.157745,0.136044,0.0932906,0.170417,0.00011519,10,1.70395,True,1.70395,within normal range · dans la plage normale
11933810B84544107883303,سيدي علي بن عون,1426.13,30180.3,610.939,Sidi Bouzid,442.124,0.142111,984.005,0.138971,0.142111,0.137822,0.117034,0.155878,5.51146e-07,10,1.39498,True,1.39498,within normal range · dans la plage normale
11933810B88650874660140,سجنان,570.183,39310.2,618.207,Bizerte,210.187,0.144229,359.996,0.117266,0.144229,0.0915243,0.0522843,0.153632,2.97619e-05,10,1.43685,False,,low initial base · base initiale trop faible
11933810B70866189338214,رادس,4552.05,62317.9,19.692,Ben Arous,3134.29,0.0317848,1417.76,0.0423355,0.0317848,0.0295844,0.0119042,0.0469511,0.000946318,10,-0.785245,True,-0.785245,within normal range · dans la plage normale
11933810B57309520880620,حمام الغزاز,1412.86,21258.7,93.8907,Nabeul,672.038,0.0940615,740.817,0.0860654,0.0940615,0.0860654,0.0600692,0.111291,0.00011519,10,0.445447,True,0.445447,within normal range · dans la plage normale
11933810B56579355102022,تاكلسة,1191.12,24792,277.349,Nabeul,480.399,0.124636,710.717,0.106157,0.124636,0.0949105,0.0648914,0.128999,5.51146e-06,10,1.04964,True,1.04964,within normal range · dans la plage normale
11933810B71477976393658,منزل الحبيب,490.343,10011.3,948.919,Gabès,122.636,0.185027,367.707,0.166476,0.185027,0.147876,0.082118,0.204586,0.00011519,10,2.24308,False,,low initial base · base initiale trop faible
11933810B10318624738248,الحامة,2432.76,81013.5,2631.77,Gabès,1292.62,0.0610848,1140.14,0.0727887,0.0610848,0.0636961,0.0485992,0.0840731,0.00011519,10,-0.206227,True,-0.206227,within normal range · dans la plage normale
11933810B21643194978673,مطماطة,783.532,3990.87,1239.47,Gabès,387.949,0.105635,395.583,0.0812353,0.105635,0.10675,0.0695837,0.140735,0.000946318,10,0.674154,True,0.674154,within normal range · dans la plage normale
11933810B54928628318578,منزل بوزلفة,1096.87,38775,133.8,Nabeul,683.546,0.0533865,413.321,0.0539517,0.0533865,0.0351651,0.0152765,0.0753083,0.00914848,10,-0.358359,True,-0.358359,within normal range · dans la plage normale
11933810B10041539297974,نصر الله,1556.18,32159.4,681.797,Kairouan,576.981,0.130091,979.199,0.116549,0.130091,0.0881657,0.0421688,0.150633,0.00011519,10,1.15746,True,1.15746,within normal range · dans la plage normale
11933810B17792419290785,قليبية,1760.49,58820.4,125.54,Nabeul,1441.89,0.0228158,318.596,0.0224295,0.0228158,0.0181541,0.00808053,0.0302792,0.00468695,10,-0.962488,True,-0.962488,within normal range · dans la plage normale
11933810B54717657919008,كسرى,544.569,15962.6,432.479,Siliana,248.922,0.107976,295.647,0.0908792,0.107976,0.104667,0.0844862,0.127073,0.00011519,10,0.720425,False,,low initial base · base initiale trop faible
11933810B45961681846987,منزل تميم,2170.92,69342.6,262.056,Nabeul,1464.51,0.0578434,706.403,0.0447068,0.0578434,0.0520238,0.0388758,0.0649699,0.000357694,10,-0.270283,True,-0.270283,within normal range · dans la plage normale
